﻿pos_x,pos_y,rotation,side,designator,mpn,pack,value,mount_type,place
55.3125,-80.459127,180.0,top,C1,CL05A105KP5NNNC,C_0402_1005Metric_Pad0.74x0.62mm_HandSolder,1u,smt,True
55.243749,-73.986301,180.0,top,C10,CL05A106MP5NUNC,C_0402_1005Metric_Pad0.74x0.62mm_HandSolder,10u,smt,True
62.213408,-86.031482,-90.0,top,C2,CL05A105KP5NNNC,C_0402_1005Metric_Pad0.74x0.62mm_HandSolder,1u,smt,True
64.77,-90.739127,-90.0,top,C3,CL05A105KP5NNNC,C_0402_1005Metric_Pad0.74x0.62mm_HandSolder,1u,smt,True
46.355,-90.369127,90.0,top,C4,CL05A106MP5NUNC,C_0402_1005Metric_Pad0.74x0.62mm_HandSolder,10u,smt,True
45.085,-90.369127,90.0,top,C5,CL05A106MP5NUNC,C_0402_1005Metric_Pad0.74x0.62mm_HandSolder,10u,smt,True
55.245,-75.379127,180.0,top,C6,CL05A106MP5NUNC,C_0402_1005Metric_Pad0.74x0.62mm_HandSolder,10u,smt,True
82.55,-99.894127,-90.0,top,C7,CL05A105KP5NNNC,C_0402_1005Metric_Pad0.74x0.62mm_HandSolder,1u,smt,True
86.6775,-92.274127,0.0,top,C8,CL05A105KP5NNNC,C_0402_1005Metric_Pad0.74x0.62mm_HandSolder,1u,smt,True
43.865563,-90.36792,90.0,top,C9,CL05A106MP5NUNC,C_0402_1005Metric_Pad0.74x0.62mm_HandSolder,10u,smt,True
130.617262,-102.295138,180.0,top,CP1,,TestPoint_Pad_D2.0mm,Long Probe,tht,False
130.617262,-102.295138,0.0,bottom,CP2,,TestPoint_Pad_D2.0mm,Long Probe,tht,False
130.617262,-76.260138,180.0,top,CP3,,TestPoint_Pad_D2.0mm,Short Probe,tht,False
130.617262,-76.260138,0.0,bottom,CP4,,TestPoint_Pad_D2.0mm,Short Probe,tht,False
66.675,-91.374127,90.0,top,CR1,"CUS08F30,H3F",USC_TOS,CUS08F30_H3F,smt,True
68.58,-91.374127,90.0,top,CR2,"CUS08F30,H3F",USC_TOS,CUS08F30_H3F,smt,True
51.435,-93.159127,-90.0,top,CR3,"CUS08F30,H3F",USC_TOS,CUS08F30_H3F,smt,True
53.34,-93.159127,-90.0,top,CR4,"CUS08F30,H3F",USC_TOS,CUS08F30_H3F,smt,True
49.7325,-78.304127,180.0,top,D1,NCD0402Y1,LED_0402_1005Metric_Pad0.77x0.64mm_HandSolder,Yellow,smt,True
65.973709,-85.486279,-90.0,top,D2,XL-1005SURC,LED_0402_1005Metric_Pad0.77x0.64mm_HandSolder,Red,smt,True
51.435,-100.965,180.0,top,J1,,Solder_Connector,Conn_01x03_Pin,tht,False
60.325,-100.965,180.0,top,J2,,Solder_Connector,Conn_01x03_Pin,tht,False
43.815,-83.384127,180.0,top,JP1,,SolderJumper-2_P1.3mm_Open_RoundedPad1.0x1.5mm,Reset Settings,tht,False
43.815,-85.924127,180.0,top,JP2,,SolderJumper-2_P1.3mm_Open_RoundedPad1.0x1.5mm,Boot,tht,False
85.21,-98.624127,180.0,top,L1,MMZ2012Y102BT000,L_0805_2012Metric_Pad1.05x1.20mm_HandSolder,MMZ2012Y102B,smt,True
85.21,-101.164127,180.0,top,L2,MMZ2012Y102BT000,L_0805_2012Metric_Pad1.05x1.20mm_HandSolder,MMZ2012Y102B,smt,True
75.565,-84.654127,180.0,top,Q1,BSS138,SOT-23,BSS138,smt,True
75.565,-88.464127,180.0,top,Q2,BSS138,SOT-23,BSS138,smt,True
75.535,-92.274127,180.0,top,Q3,BSS138,SOT-23,BSS138,smt,True
75.535,-96.084127,180.0,top,Q4,BSS138,SOT-23,BSS138,smt,True
75.565,-99.894127,180.0,top,Q5,BSS138,SOT-23,BSS138,smt,True
49.77,-79.574127,180.0,top,R1,0402WGF1001TCE,R_0402_1005Metric_Pad0.72x0.64mm_HandSolder,1k,smt,True
46.99,-97.989127,180.0,top,R10,0402WGF1002TCE,R_0402_1005Metric_Pad0.72x0.64mm_HandSolder,10k,smt,True
95.5975,-94.814127,0.0,top,R11,0402WGF1002TCE,R_0402_1005Metric_Pad0.72x0.64mm_HandSolder,10k,smt,True
95.5975,-93.544127,180.0,top,R12,0402WGF1002TCE,R_0402_1005Metric_Pad0.72x0.64mm_HandSolder,10k,smt,True
86.7075,-94.814127,0.0,top,R13,0402WGF1002TCE,R_0402_1005Metric_Pad0.72x0.64mm_HandSolder,10k,smt,True
86.7825,-93.544127,0.0,top,R14,0402WGF1002TCE,R_0402_1005Metric_Pad0.72x0.64mm_HandSolder,10k,smt,True
101.73,-93.544127,-90.0,top,R15,0402WGF1500TCE,R_0402_1005Metric_Pad0.72x0.64mm_HandSolder,150R,smt,True
79.3375,-87.194127,180.0,top,R16,0402WGF1002TCE,R_0402_1005Metric_Pad0.72x0.64mm_HandSolder,10k,smt,True
79.3375,-83.384127,180.0,top,R17,0402WGF1002TCE,R_0402_1005Metric_Pad0.72x0.64mm_HandSolder,10k,smt,True
101.6,-85.924127,-90.0,top,R18,0402WGF1500TCE,R_0402_1005Metric_Pad0.72x0.64mm_HandSolder,150R,smt,True
71.7175,-85.924127,0.0,top,R19,0402WGF1002TCE,R_0402_1005Metric_Pad0.72x0.64mm_HandSolder,10k,smt,True
55.3125,-79.189127,0.0,top,R2,0402WGF1002TCE,R_0402_1005Metric_Pad0.72x0.64mm_HandSolder,10k,smt,True
71.7925,-89.734127,0.0,top,R20,0402WGF1002TCE,R_0402_1005Metric_Pad0.72x0.64mm_HandSolder,10k,smt,True
79.3375,-91.004127,180.0,top,R21,0402WGF1002TCE,R_0402_1005Metric_Pad0.72x0.64mm_HandSolder,10k,smt,True
79.3375,-94.814127,180.0,top,R22,0402WGF1002TCE,R_0402_1005Metric_Pad0.72x0.64mm_HandSolder,10k,smt,True
79.3375,-98.624127,180.0,top,R23,0402WGF1002TCE,R_0402_1005Metric_Pad0.72x0.64mm_HandSolder,10k,smt,True
71.7175,-93.544127,0.0,top,R24,0402WGF1002TCE,R_0402_1005Metric_Pad0.72x0.64mm_HandSolder,10k,smt,True
71.7925,-97.354127,0.0,top,R25,0402WGF1002TCE,R_0402_1005Metric_Pad0.72x0.64mm_HandSolder,10k,smt,True
71.7925,-101.164127,0.0,top,R26,0402WGF1002TCE,R_0402_1005Metric_Pad0.72x0.64mm_HandSolder,10k,smt,True
67.212613,-86.044692,90.0,top,R3,0402WGF1002TCE,R_0402_1005Metric_Pad0.72x0.64mm_HandSolder,10k,smt,True
64.753408,-86.068982,90.0,top,R4,0402WGF1001TCE,R_0402_1005Metric_Pad0.72x0.64mm_HandSolder,1k,smt,True
55.2825,-76.649127,0.0,top,R5,0402WGF1002TCE,R_0402_1005Metric_Pad0.72x0.64mm_HandSolder,10k,smt,True
68.563408,-86.031482,90.0,top,R6,0402WGF1002TCE,R_0402_1005Metric_Pad0.72x0.64mm_HandSolder,10k,smt,True
63.483408,-86.031482,90.0,top,R7,0402WGF1002TCE,R_0402_1005Metric_Pad0.72x0.64mm_HandSolder,10k,smt,True
60.943408,-86.031482,-90.0,top,R8,0402WGF1001TCE,R_0402_1005Metric_Pad0.72x0.64mm_HandSolder,1k,smt,True
63.5,-90.739127,-90.0,top,R9,0402WGF1001TCE,R_0402_1005Metric_Pad0.72x0.64mm_HandSolder,1k,smt,True
77.47,-77.034127,180.0,top,TP1,,Tag-Connect_TC2030-IDC-NL_2x03_P1.27mm_Vertical,~,tht,False
63.829999,-75.034027,0.0,top,U1,ESP32-C3-MINI-1-N4,ESP32-C3-MINI-1_EXP,ESP32-C3-MINI-1-N4,smt,True
50.8,-85.539127,0.0,top,U2,LD1117S33CTR,SOT-223,LD1117S33CTR,smt,True
46.67,-94.311627,90.0,top,U3,TPS22917DBVR,SOT-23-6,TPS22917DBV,smt,True
91.19,-93.544127,180.0,top,U4,ADS1115IDGSR,TSSOP-10_3x3mm_P0.5mm,ADS1115IDGS,smt,True
106.745,-95.449127,0.0,top,U5,C7945,SOIC-8_3.9x4.9mm_P1.27mm,LM334M,smt,True
106.68,-87.829127,0.0,top,U6,C7945,SOIC-8_3.9x4.9mm_P1.27mm,LM334M,smt,True
