﻿pos_x,pos_y,rotation,side,designator,mpn,pack,value,mount_type,place
55.3125,-80.459127,180.0,top,C1,CL05A105KP5NNNC,C_0402_1005Metric_Pad0.74x0.62mm_HandSolder,1u,smt,True
55.243749,-73.986301,180.0,top,C10,CL05A106MP5NUNC,C_0402_1005Metric_Pad0.74x0.62mm_HandSolder,10u,smt,True
62.213408,-86.031482,-90.0,top,C2,CL05A105KP5NNNC,C_0402_1005Metric_Pad0.74x0.62mm_HandSolder,1u,smt,True
64.77,-90.739127,-90.0,top,C3,CL05A105KP5NNNC,C_0402_1005Metric_Pad0.74x0.62mm_HandSolder,1u,smt,True
46.355,-90.369127,90.0,top,C4,CL05A106MP5NUNC,C_0402_1005Metric_Pad0.74x0.62mm_HandSolder,10u,smt,True
45.085,-90.369127,90.0,top,C5,CL05A106MP5NUNC,C_0402_1005Metric_Pad0.74x0.62mm_HandSolder,10u,smt,True
55.245,-75.379127,180.0,top,C6,CL05A106MP5NUNC,C_0402_1005Metric_Pad0.74x0.62mm_HandSolder,10u,smt,True
43.865563,-90.36792,90.0,top,C9,CL05A106MP5NUNC,C_0402_1005Metric_Pad0.74x0.62mm_HandSolder,10u,smt,True
130.617262,-101.6,180.0,top,CP1,No Part Required,TestPoint_Pad_D2.0mm,Long Probe,tht,False
130.617262,-101.6,0.0,bottom,CP2,No Part Required,TestPoint_Pad_D2.0mm,Long Probe,tht,False
130.617262,-76.835,180.0,top,CP3,No Part Required,TestPoint_Pad_D2.0mm,Short Probe,tht,False
130.617262,-76.835,0.0,bottom,CP4,No Part Required,TestPoint_Pad_D2.0mm,Short Probe,tht,False
66.675,-91.374127,90.0,top,CR1,"CUS08F30,H3F",USC_TOS,CUS08F30_H3F,smt,True
68.58,-91.374127,90.0,top,CR2,"CUS08F30,H3F",USC_TOS,CUS08F30_H3F,smt,True
51.435,-93.159127,-90.0,top,CR3,"CUS08F30,H3F",USC_TOS,CUS08F30_H3F,smt,True
53.34,-93.159127,-90.0,top,CR4,"CUS08F30,H3F",USC_TOS,CUS08F30_H3F,smt,True
49.7325,-78.304127,180.0,top,D1,NCD0402Y1,LED_0402_1005Metric_Pad0.77x0.64mm_HandSolder,Yellow,smt,True
65.973709,-85.486279,-90.0,top,D2,XL-1005SURC,LED_0402_1005Metric_Pad0.77x0.64mm_HandSolder,Red,smt,True
51.435,-100.965,180.0,top,J1,No Part Required,Solder_Connector,Conn_01x03_Pin,tht,False
60.325,-100.965,180.0,top,J2,No Part Required,Solder_Connector,Conn_01x03_Pin,tht,False
43.815,-83.384127,180.0,top,JP1,No Part Required,SolderJumper-2_P1.3mm_Open_RoundedPad1.0x1.5mm,Reset Settings,tht,False
43.815,-85.924127,180.0,top,JP2,No Part Required,SolderJumper-2_P1.3mm_Open_RoundedPad1.0x1.5mm,Boot,tht,False
75.535,-96.084127,180.0,top,Q4,BSS138LT1G,SOT-23,BSS138,smt,True
75.565,-99.894127,180.0,top,Q5,BSS138LT1G,SOT-23,BSS138,smt,True
49.77,-79.574127,180.0,top,R1,0402WGF1001TCE,R_0402_1005Metric_Pad0.72x0.64mm_HandSolder,1k,smt,True
46.99,-97.989127,180.0,top,R10,0402WGF1002TCE,R_0402_1005Metric_Pad0.72x0.64mm_HandSolder,10k,smt,True
80.635,-91.44,0.0,top,R11,CRCW04021M40FKED,R_0402_1005Metric_Pad0.72x0.64mm_HandSolder,1.4M,smt,True
80.5975,-86.995,0.0,top,R12,CRCW04021M40FKED,R_0402_1005Metric_Pad0.72x0.64mm_HandSolder,1.4M,smt,True
55.3125,-79.189127,0.0,top,R2,0402WGF1002TCE,R_0402_1005Metric_Pad0.72x0.64mm_HandSolder,10k,smt,True
79.375,-95.25,180.0,top,R22,0402WGF1002TCE,R_0402_1005Metric_Pad0.72x0.64mm_HandSolder,10k,smt,True
79.375,-99.06,180.0,top,R23,0402WGF1002TCE,R_0402_1005Metric_Pad0.72x0.64mm_HandSolder,10k,smt,True
71.7925,-97.354127,0.0,top,R25,0402WGF1002TCE,R_0402_1005Metric_Pad0.72x0.64mm_HandSolder,10k,smt,True
71.7925,-101.164127,0.0,top,R26,0402WGF1002TCE,R_0402_1005Metric_Pad0.72x0.64mm_HandSolder,10k,smt,True
67.212613,-86.044692,90.0,top,R3,0402WGF1002TCE,R_0402_1005Metric_Pad0.72x0.64mm_HandSolder,10k,smt,True
64.753408,-86.068982,90.0,top,R4,0402WGF1001TCE,R_0402_1005Metric_Pad0.72x0.64mm_HandSolder,1k,smt,True
55.2825,-76.649127,0.0,top,R5,0402WGF1002TCE,R_0402_1005Metric_Pad0.72x0.64mm_HandSolder,10k,smt,True
68.563408,-86.031482,90.0,top,R6,0402WGF1002TCE,R_0402_1005Metric_Pad0.72x0.64mm_HandSolder,10k,smt,True
63.483408,-86.031482,90.0,top,R7,0402WGF1002TCE,R_0402_1005Metric_Pad0.72x0.64mm_HandSolder,10k,smt,True
60.943408,-86.031482,-90.0,top,R8,0402WGF1001TCE,R_0402_1005Metric_Pad0.72x0.64mm_HandSolder,1k,smt,True
63.5,-90.739127,-90.0,top,R9,0402WGF1001TCE,R_0402_1005Metric_Pad0.72x0.64mm_HandSolder,1k,smt,True
77.47,-77.034127,180.0,top,TP1,No Part Required,Tag-Connect_TC2030-IDC-NL_2x03_P1.27mm_Vertical,~,tht,False
63.829999,-75.034027,0.0,top,U1,ESP32-C3-MINI-1-N4,ESP32-C3-MINI-1_EXP,ESP32-C3-MINI-1-N4,smt,True
50.8,-85.539127,0.0,top,U2,LD1117S33CTR,SOT-223,LD1117S33CTR,smt,True
46.67,-94.311627,90.0,top,U3,TPS22917DBVR,SOT-23-6,TPS22917DBV,smt,True
