﻿designator,quantity,value,pack,mpn,mount_type
"C1, C2, C3, C7, C8",5,1u,C_0402_1005Metric_Pad0.74x0.62mm_HandSolder,CL05A105KP5NNNC,smt
"C4, C5, C6",3,10u,C_0402_1005Metric_Pad0.74x0.62mm_HandSolder,CL05A106MP5NUNC,smt
"CP1, CP2",2,Long Probe,TestPoint_Pad_D2.0mm,,tht
"CP3, CP4",2,Short Probe,TestPoint_Pad_D2.0mm,,tht
"CR1, CR2, CR3, CR4",4,CUS08F30_H3F,USC_TOS,"CUS08F30,H3F",smt
D1,1,Green,LED_0201_0603Metric_Pad0.64x0.40mm_HandSolder,SZYY0603YG,smt
D2,1,Red,LED_0201_0603Metric_Pad0.64x0.40mm_HandSolder,NCD0603R1,smt
"J1, J2",2,Conn_01x03_Pin,Solder_Connector,,tht
JP1,1,Reset Settings,SolderJumper-2_P1.3mm_Open_RoundedPad1.0x1.5mm,,tht
JP2,1,Boot,SolderJumper-2_P1.3mm_Open_RoundedPad1.0x1.5mm,,tht
"L1, L2",2,MMZ2012Y102B,L_0805_2012Metric_Pad1.05x1.20mm_HandSolder,MMZ2012Y102BT000,smt
"Q1, Q2, Q3, Q4, Q5",5,BSS138,SOT-23,BSS138,smt
"R1, R4, R8, R9",4,1k,R_0402_1005Metric_Pad0.72x0.64mm_HandSolder,0402WGF1001TCE,smt
"R10, R11, R12, R13, R14, R16, R17, R19, R2, R20, R21, R22, R23, R24, R25, R26, R3, R5, R6, R7",20,10k,R_0402_1005Metric_Pad0.72x0.64mm_HandSolder,0402WGF1002TCE,smt
"R15, R18",2,150R,R_0402_1005Metric_Pad0.72x0.64mm_HandSolder,0402WGF1500TCE,smt
TP1,1,~,Tag-Connect_TC2030-IDC-NL_2x03_P1.27mm_Vertical,,tht
U1,1,ESP32-C3-MINI-1-N4,ESP32-C3-MINI-1_EXP,ESP32-C3-MINI-1-N4,smt
U2,1,LD1117S33CTR,SOT-223,LD1117S33CTR,smt
U3,1,TPS22917DBV,SOT-23-6,TPS22917DBVR,smt
U4,1,ADS1115IDGS,TSSOP-10_3x3mm_P0.5mm,ADS1115IDGSR,smt
"U5, U6",2,LM334M,SOIC-8_3.9x4.9mm_P1.27mm,C7945,smt
